
drop table if exists metro_line;
create table metro_line (
  id int auto_increment primary key,
  guid varchar(255),
  creation_time datetime,
  name varchar(255),
  color varchar(255),
  `loop` bit default false
);

INSERT INTO metro_line VALUES (1, 'metrolinefc54d8180f705c0f6263c01', now(), '1号线', 'rgb(60,43,124)', 0);
INSERT INTO metro_line VALUES (2, 'metrolinefc54d8180f705c0f6263c02', now(), '2号线', 'rgb(226,98,66)', 0);
INSERT INTO metro_line VALUES (3, 'metrolinefc54d8180f705c0f6263c03', now(), '3号线', 'rgb(210,36,108)', 0);
INSERT INTO metro_line VALUES (4, 'metrolinefc54d8180f705c0f6263c04', now(), '4号线', 'rgb(56,170,98)', 0);
INSERT INTO metro_line VALUES (5, 'metrolinefc54d8180f705c0f6263c05', now(), '5号线', 'rgb(164,86,145)', 0);
INSERT INTO metro_line VALUES (6, 'metrolinefc54d8180f705c0f6263c06', now(), '6号线', 'rgb(189,119,52)', 0);
INSERT INTO metro_line VALUES (7, 'metrolinefc54d8180f705c0f6263c07', now(), '7号线', 'rgb(135,198,209)', 1);
INSERT INTO metro_line VALUES (8, 'metrolinefc54d8180f705c0f6263c08', now(), '8号线', 'rgb(158,195,46)', 0);
INSERT INTO metro_line VALUES (9, 'metrolinefc54d8180f705c0f6263c09', now(), '9号线', 'rgb(233,175,32)', 1);
INSERT INTO metro_line VALUES (10, 'metrolinefc54d8180f705c0f6263c10', now(), '10号线', 'rgb(48,89,157)', 0);
INSERT INTO metro_line VALUES (11, 'metrolinefc54d8180f705c0f6263c11', now(), '11号线', 'rgb(138,119,54)', 0);
INSERT INTO metro_line VALUES (12, 'metrolinefc54d8180f705c0f6263c12', now(), '12号线', 'rgb(117,37,113)', 0);
INSERT INTO metro_line VALUES (13, 'metrolinefc54d8180f705c0f6263c13', now(), '13号线', 'rgb(197,175,33)', 0);
INSERT INTO metro_line VALUES (14, 'metrolinefc54d8180f705c0f6263c14', now(), '14号线', 'rgb(129,46,61)', 0);
INSERT INTO metro_line VALUES (15, 'metrolinefc54d8180f705c0f6263c15', now(), '15号线', 'rgb(233,175,188)', 0);
INSERT INTO metro_line VALUES (16, 'metrolinefc54d8180f705c0f6263c16', now(), '16号线', 'rgb(7,148,201)', 0);
INSERT INTO metro_line VALUES (17, 'metrolinefc54d8180f705c0f6263c17', now(), '17号线', 'rgb(147,206,163)', 0);
INSERT INTO metro_line VALUES (18, 'metrolinefc54d8180f705c0f6263c18', now(), '18号线', 'rgb(39,109,115)', 0);
INSERT INTO metro_line VALUES (19, 'metrolinefc54d8180f705c0f6263c19', now(), '19号线', 'rgb(162,163,202)', 0);
INSERT INTO metro_line VALUES (20, 'metrolinefc54d8180f705c0f6263c20', now(), '20号线', 'rgb(169,73,43)', 0);


drop table if exists station;
create table station (
  id int auto_increment primary key,
  guid varchar(255),
  creation_time datetime,
  name varchar(255),
  pinyin varchar(255),
  longitude decimal(15,12),
  latitude decimal(15,12)
);

INSERT INTO station values (1, 'stationffc5649d98387489ac2c65001', now(), '赖家店', '', NULL, NULL);
INSERT INTO station values (2, 'stationffc5649d98387489ac2c65002', now(), '韦家碾', '', NULL, NULL);
INSERT INTO station values (3, 'stationffc5649d98387489ac2c65003', now(), '升仙湖', '', NULL, NULL);
INSERT INTO station values (4, 'stationffc5649d98387489ac2c65004', now(), '火车北站', '', NULL, NULL);
INSERT INTO station values (5, 'stationffc5649d98387489ac2c65005', now(), '人民北路', '', NULL, NULL);
INSERT INTO station values (6, 'stationffc5649d98387489ac2c65006', now(), '文殊院', '', NULL, NULL);
INSERT INTO station values (7, 'stationffc5649d98387489ac2c65007', now(), '骡马市', '', NULL, NULL);
INSERT INTO station values (8, 'stationffc5649d98387489ac2c65008', now(), '天府广场', '', NULL, NULL);
INSERT INTO station values (9, 'stationffc5649d98387489ac2c65009', now(), '锦江宾馆', '', NULL, NULL);
INSERT INTO station values (10, 'stationffc5649d98387489ac2c65010', now(), '华西坝', '', NULL, NULL);
INSERT INTO station values (11, 'stationffc5649d98387489ac2c65011', now(), '省体育馆', '', NULL, NULL);
INSERT INTO station values (12, 'stationffc5649d98387489ac2c65012', now(), '倪家桥', '', NULL, NULL);
INSERT INTO station values (13, 'stationffc5649d98387489ac2c65013', now(), '桐梓林', '', NULL, NULL);
INSERT INTO station values (14, 'stationffc5649d98387489ac2c65014', now(), '火车南站', '', NULL, NULL);
INSERT INTO station values (15, 'stationffc5649d98387489ac2c65015', now(), '高新', '', NULL, NULL);
INSERT INTO station values (16, 'stationffc5649d98387489ac2c65016', now(), '金融城', '', NULL, NULL);
INSERT INTO station values (17, 'stationffc5649d98387489ac2c65017', now(), '孵化园', '', NULL, NULL);
INSERT INTO station values (18, 'stationffc5649d98387489ac2c65018', now(), '锦城广场', '', NULL, NULL);
INSERT INTO station values (19, 'stationffc5649d98387489ac2c65019', now(), '世纪城', '', NULL, NULL);
INSERT INTO station values (20, 'stationffc5649d98387489ac2c65020', now(), '天府三街', '', NULL, NULL);
INSERT INTO station values (21, 'stationffc5649d98387489ac2c65021', now(), '天府五街', '', NULL, NULL);
INSERT INTO station values (22, 'stationffc5649d98387489ac2c65022', now(), '华府大道', '', NULL, NULL);
INSERT INTO station values (23, 'stationffc5649d98387489ac2c65023', now(), '四河', '', NULL, NULL);
INSERT INTO station values (24, 'stationffc5649d98387489ac2c65024', now(), '广都', '', NULL, NULL);
INSERT INTO station values (25, 'stationffc5649d98387489ac2c65025', now(), '五根松', '', NULL, NULL);
INSERT INTO station values (26, 'stationffc5649d98387489ac2c65026', now(), '华阳', '', NULL, NULL);
INSERT INTO station values (27, 'stationffc5649d98387489ac2c65027', now(), '牧华路', '', NULL, NULL);
INSERT INTO station values (28, 'stationffc5649d98387489ac2c65028', now(), '广福', '', NULL, NULL);
INSERT INTO station values (29, 'stationffc5649d98387489ac2c65029', now(), '香山', '', NULL, NULL);
INSERT INTO station values (30, 'stationffc5649d98387489ac2c65030', now(), '段家山', '', NULL, NULL);
INSERT INTO station values (31, 'stationffc5649d98387489ac2c65031', now(), '武汉路', '', NULL, NULL);
INSERT INTO station values (32, 'stationffc5649d98387489ac2c65032', now(), '宁波路', '', NULL, NULL);
INSERT INTO station values (33, 'stationffc5649d98387489ac2c65033', now(), '福州路', '', NULL, NULL);
INSERT INTO station values (34, 'stationffc5649d98387489ac2c65034', now(), '广州路', '', NULL, NULL);
INSERT INTO station values (35, 'stationffc5649d98387489ac2c65035', now(), '兴隆湖', '', NULL, NULL);
INSERT INTO station values (36, 'stationffc5649d98387489ac2c65036', now(), '天府新站', '', NULL, NULL);
INSERT INTO station values (37, 'stationffc5649d98387489ac2c65037', now(), '龙泉驿', '', NULL, NULL);
INSERT INTO station values (38, 'stationffc5649d98387489ac2c65038', now(), '龙平路', '', NULL, NULL);
INSERT INTO station values (39, 'stationffc5649d98387489ac2c65039', now(), '书房', '', NULL, NULL);
INSERT INTO station values (40, 'stationffc5649d98387489ac2c65040', now(), '界牌', '', NULL, NULL);
INSERT INTO station values (41, 'stationffc5649d98387489ac2c65041', now(), '连山坡', '', NULL, NULL);
INSERT INTO station values (42, 'stationffc5649d98387489ac2c65042', now(), '大面铺', '', NULL, NULL);
INSERT INTO station values (43, 'stationffc5649d98387489ac2c65043', now(), '一期工程', '', NULL, NULL);
INSERT INTO station values (44, 'stationffc5649d98387489ac2c65044', now(), '成都行政学院', '', NULL, NULL);
INSERT INTO station values (45, 'stationffc5649d98387489ac2c65045', now(), '洪河', '', NULL, NULL);
INSERT INTO station values (46, 'stationffc5649d98387489ac2c65046', now(), '惠王陵', '', NULL, NULL);
INSERT INTO station values (47, 'stationffc5649d98387489ac2c65047', now(), '成渝立交', '', NULL, NULL);
INSERT INTO station values (48, 'stationffc5649d98387489ac2c65048', now(), '成都东客站', '', NULL, NULL);
INSERT INTO station values (49, 'stationffc5649d98387489ac2c65049', now(), '塔子山公园', '', NULL, NULL);
INSERT INTO station values (50, 'stationffc5649d98387489ac2c65050', now(), '东大路', '', NULL, NULL);
INSERT INTO station values (51, 'stationffc5649d98387489ac2c65051', now(), '牛市口', '', NULL, NULL);
INSERT INTO station values (52, 'stationffc5649d98387489ac2c65052', now(), '牛王庙', '', NULL, NULL);
INSERT INTO station values (53, 'stationffc5649d98387489ac2c65053', now(), '东门大桥', '', NULL, NULL);
INSERT INTO station values (54, 'stationffc5649d98387489ac2c65054', now(), '春熙路', '', NULL, NULL);
INSERT INTO station values (55, 'stationffc5649d98387489ac2c65055', now(), '人民公园', '', NULL, NULL);
INSERT INTO station values (56, 'stationffc5649d98387489ac2c65056', now(), '通惠门', '', NULL, NULL);
INSERT INTO station values (57, 'stationffc5649d98387489ac2c65057', now(), '中医大省医院', '', NULL, NULL);
INSERT INTO station values (58, 'stationffc5649d98387489ac2c65058', now(), '白果林', '', NULL, NULL);
INSERT INTO station values (59, 'stationffc5649d98387489ac2c65059', now(), '蜀汉路东', '', NULL, NULL);
INSERT INTO station values (60, 'stationffc5649d98387489ac2c65060', now(), '一品天下', '', NULL, NULL);
INSERT INTO station values (61, 'stationffc5649d98387489ac2c65061', now(), '羊犀立交', '', NULL, NULL);
INSERT INTO station values (62, 'stationffc5649d98387489ac2c65062', now(), '茶店子客运站', '', NULL, NULL);
INSERT INTO station values (63, 'stationffc5649d98387489ac2c65063', now(), '迎宾大道', '', NULL, NULL);
INSERT INTO station values (64, 'stationffc5649d98387489ac2c65064', now(), '金科北路', '', NULL, NULL);
INSERT INTO station values (65, 'stationffc5649d98387489ac2c65065', now(), '金周路', '', NULL, NULL);
INSERT INTO station values (66, 'stationffc5649d98387489ac2c65066', now(), '百草路', '', NULL, NULL);
INSERT INTO station values (67, 'stationffc5649d98387489ac2c65067', now(), '天河路', '', NULL, NULL);
INSERT INTO station values (68, 'stationffc5649d98387489ac2c65068', now(), '犀浦', '', NULL, NULL);
INSERT INTO station values (69, 'stationffc5649d98387489ac2c65069', now(), '双流西', '', NULL, NULL);
INSERT INTO station values (70, 'stationffc5649d98387489ac2c65070', now(), '三里坝', '', NULL, NULL);
INSERT INTO station values (71, 'stationffc5649d98387489ac2c65071', now(), '双流广场', '', NULL, NULL);
INSERT INTO station values (72, 'stationffc5649d98387489ac2c65072', now(), '东升', '', NULL, NULL);
INSERT INTO station values (73, 'stationffc5649d98387489ac2c65073', now(), '迎春桥', '', NULL, NULL);
INSERT INTO station values (74, 'stationffc5649d98387489ac2c65074', now(), '航都大道', '', NULL, NULL);
INSERT INTO station values (75, 'stationffc5649d98387489ac2c65075', now(), '龙桥路', '', NULL, NULL);
INSERT INTO station values (76, 'stationffc5649d98387489ac2c65076', now(), '双凤桥', '', NULL, NULL);
INSERT INTO station values (77, 'stationffc5649d98387489ac2c65077', now(), '武青南路', '', NULL, NULL);
INSERT INTO station values (78, 'stationffc5649d98387489ac2c65078', now(), '武侯立交', '', NULL, NULL);
INSERT INTO station values (79, 'stationffc5649d98387489ac2c65079', now(), '川藏立交', '', NULL, NULL);
INSERT INTO station values (80, 'stationffc5649d98387489ac2c65080', now(), '太平园', '', NULL, NULL);
INSERT INTO station values (81, 'stationffc5649d98387489ac2c65081', now(), '红牌楼', '', NULL, NULL);
INSERT INTO station values (82, 'stationffc5649d98387489ac2c65082', now(), '高升桥', '', NULL, NULL);
INSERT INTO station values (83, 'stationffc5649d98387489ac2c65083', now(), '衣冠庙', '', NULL, NULL);
INSERT INTO station values (84, 'stationffc5649d98387489ac2c65084', now(), '磨子桥', '', NULL, NULL);
INSERT INTO station values (85, 'stationffc5649d98387489ac2c65085', now(), '新南门', '', NULL, NULL);
INSERT INTO station values (86, 'stationffc5649d98387489ac2c65086', now(), '市二医院', '', NULL, NULL);
INSERT INTO station values (87, 'stationffc5649d98387489ac2c65087', now(), '红星桥', '', NULL, NULL);
INSERT INTO station values (88, 'stationffc5649d98387489ac2c65088', now(), '前锋路', '', NULL, NULL);
INSERT INTO station values (89, 'stationffc5649d98387489ac2c65089', now(), '李家沱', '', NULL, NULL);
INSERT INTO station values (90, 'stationffc5649d98387489ac2c65090', now(), '驷马桥', '', NULL, NULL);
INSERT INTO station values (91, 'stationffc5649d98387489ac2c65091', now(), '昭觉寺南路', '', NULL, NULL);
INSERT INTO station values (92, 'stationffc5649d98387489ac2c65092', now(), '动物园', '', NULL, NULL);
INSERT INTO station values (93, 'stationffc5649d98387489ac2c65093', now(), '熊猫大道', '', NULL, NULL);
INSERT INTO station values (94, 'stationffc5649d98387489ac2c65094', now(), '军区总医院', '', NULL, NULL);
INSERT INTO station values (95, 'stationffc5649d98387489ac2c65095', now(), '植物园', '', NULL, NULL);
INSERT INTO station values (96, 'stationffc5649d98387489ac2c65096', now(), '金华寺东路', '', NULL, NULL);
INSERT INTO station values (97, 'stationffc5649d98387489ac2c65097', now(), '三河场', '', NULL, NULL);
INSERT INTO station values (98, 'stationffc5649d98387489ac2c65098', now(), '锦水河', '', NULL, NULL);
INSERT INTO station values (99, 'stationffc5649d98387489ac2c65099', now(), '团结新区', '', NULL, NULL);
INSERT INTO station values (100, 'stationffc5649d98387489ac2c65100', now(), '马超西路', '', NULL, NULL);
INSERT INTO station values (101, 'stationffc5649d98387489ac2c65101', now(), '钟楼', '', NULL, NULL);
INSERT INTO station values (102, 'stationffc5649d98387489ac2c65102', now(), '石油大学', '', NULL, NULL);
INSERT INTO station values (103, 'stationffc5649d98387489ac2c65103', now(), '成都医学院', '', NULL, NULL);
INSERT INTO station values (104, 'stationffc5649d98387489ac2c65104', now(), '万盛', '', NULL, NULL);
INSERT INTO station values (105, 'stationffc5649d98387489ac2c65105', now(), '杨柳河', '', NULL, NULL);
INSERT INTO station values (106, 'stationffc5649d98387489ac2c65106', now(), '凤溪', '', NULL, NULL);
INSERT INTO station values (107, 'stationffc5649d98387489ac2c65107', now(), '南熏大道', '', NULL, NULL);
INSERT INTO station values (108, 'stationffc5649d98387489ac2c65108', now(), '光华公园', '', NULL, NULL);
INSERT INTO station values (109, 'stationffc5649d98387489ac2c65109', now(), '涌泉', '', NULL, NULL);
INSERT INTO station values (110, 'stationffc5649d98387489ac2c65110', now(), '凤凰大街', '', NULL, NULL);
INSERT INTO station values (111, 'stationffc5649d98387489ac2c65111', now(), '马场坝', '', NULL, NULL);
INSERT INTO station values (112, 'stationffc5649d98387489ac2c65112', now(), '非遗博览园', '', NULL, NULL);
INSERT INTO station values (113, 'stationffc5649d98387489ac2c65113', now(), '蔡桥', '', NULL, NULL);
INSERT INTO station values (114, 'stationffc5649d98387489ac2c65114', now(), '中坝', '', NULL, NULL);
INSERT INTO station values (115, 'stationffc5649d98387489ac2c65115', now(), '成都西站', '', NULL, NULL);
INSERT INTO station values (116, 'stationffc5649d98387489ac2c65116', now(), '清江西路', '', NULL, NULL);
INSERT INTO station values (117, 'stationffc5649d98387489ac2c65117', now(), '文化宫', '', NULL, NULL);
INSERT INTO station values (118, 'stationffc5649d98387489ac2c65118', now(), '西南财大', '', NULL, NULL);
INSERT INTO station values (119, 'stationffc5649d98387489ac2c65119', now(), '草堂北路', '', NULL, NULL);
INSERT INTO station values (120, 'stationffc5649d98387489ac2c65120', now(), '宽窄巷子', '', NULL, NULL);
INSERT INTO station values (121, 'stationffc5649d98387489ac2c65121', now(), '太升南路', '', NULL, NULL);
INSERT INTO station values (122, 'stationffc5649d98387489ac2c65122', now(), '市二医院', '', NULL, NULL);
INSERT INTO station values (123, 'stationffc5649d98387489ac2c65123', now(), '玉双路', '', NULL, NULL);
INSERT INTO station values (124, 'stationffc5649d98387489ac2c65124', now(), '双桥路', '', NULL, NULL);
INSERT INTO station values (125, 'stationffc5649d98387489ac2c65125', now(), '万年场', '', NULL, NULL);
INSERT INTO station values (126, 'stationffc5649d98387489ac2c65126', now(), '槐树店', '', NULL, NULL);
INSERT INTO station values (127, 'stationffc5649d98387489ac2c65127', now(), '来龙', '', NULL, NULL);
INSERT INTO station values (128, 'stationffc5649d98387489ac2c65128', now(), '十陵', '', NULL, NULL);
INSERT INTO station values (129, 'stationffc5649d98387489ac2c65129', now(), '成都大学', '', NULL, NULL);
INSERT INTO station values (130, 'stationffc5649d98387489ac2c65130', now(), '明蜀王陵', '', NULL, NULL);
INSERT INTO station values (131, 'stationffc5649d98387489ac2c65131', now(), '西河', '', NULL, NULL);
INSERT INTO station values (132, 'stationffc5649d98387489ac2c65132', now(), '华桂路', '', NULL, NULL);
INSERT INTO station values (133, 'stationffc5649d98387489ac2c65133', now(), '柏水场', '', NULL, NULL);
INSERT INTO station values (134, 'stationffc5649d98387489ac2c65134', now(), '廖家湾', '', NULL, NULL);
INSERT INTO station values (135, 'stationffc5649d98387489ac2c65135', now(), '北部商贸城', '', NULL, NULL);
INSERT INTO station values (136, 'stationffc5649d98387489ac2c65136', now(), '幸福桥', '', NULL, NULL);
INSERT INTO station values (137, 'stationffc5649d98387489ac2c65137', now(), '九道堰', '', NULL, NULL);
INSERT INTO station values (138, 'stationffc5649d98387489ac2c65138', now(), '杜家碾', '', NULL, NULL);
INSERT INTO station values (139, 'stationffc5649d98387489ac2c65139', now(), '大丰', '', NULL, NULL);
INSERT INTO station values (140, 'stationffc5649d98387489ac2c65140', now(), '石犀公园', '', NULL, NULL);
INSERT INTO station values (141, 'stationffc5649d98387489ac2c65141', now(), '皇花园', '', NULL, NULL);
INSERT INTO station values (142, 'stationffc5649d98387489ac2c65142', now(), '古柏', '', NULL, NULL);
INSERT INTO station values (143, 'stationffc5649d98387489ac2c65143', now(), '泉水路', '', NULL, NULL);
INSERT INTO station values (144, 'stationffc5649d98387489ac2c65144', now(), '洞子口', '', NULL, NULL);
INSERT INTO station values (145, 'stationffc5649d98387489ac2c65145', now(), '福宁路', '', NULL, NULL);
INSERT INTO station values (146, 'stationffc5649d98387489ac2c65146', now(), '五块石', '', NULL, NULL);
INSERT INTO station values (147, 'stationffc5649d98387489ac2c65147', now(), '赛云台', '', NULL, NULL);
INSERT INTO station values (148, 'stationffc5649d98387489ac2c65148', now(), '西北桥', '', NULL, NULL);
INSERT INTO station values (149, 'stationffc5649d98387489ac2c65149', now(), '花牌坊', '', NULL, NULL);
INSERT INTO station values (150, 'stationffc5649d98387489ac2c65150', now(), '抚琴', '', NULL, NULL);
INSERT INTO station values (151, 'stationffc5649d98387489ac2c65151', now(), '青羊宫', '', NULL, NULL);
INSERT INTO station values (152, 'stationffc5649d98387489ac2c65152', now(), '省骨科医院', '', NULL, NULL);
INSERT INTO station values (153, 'stationffc5649d98387489ac2c65153', now(), '肖家河', '', NULL, NULL);
INSERT INTO station values (154, 'stationffc5649d98387489ac2c65154', now(), '九兴大道', '', NULL, NULL);
INSERT INTO station values (155, 'stationffc5649d98387489ac2c65155', now(), '石羊立交', '', NULL, NULL);
INSERT INTO station values (156, 'stationffc5649d98387489ac2c65156', now(), '市一医院', '', NULL, NULL);
INSERT INTO station values (157, 'stationffc5649d98387489ac2c65157', now(), '交子大道', '', NULL, NULL);
INSERT INTO station values (158, 'stationffc5649d98387489ac2c65158', now(), '锦城大道', '', NULL, NULL);
INSERT INTO station values (159, 'stationffc5649d98387489ac2c65159', now(), '锦城湖', '', NULL, NULL);
INSERT INTO station values (160, 'stationffc5649d98387489ac2c65160', now(), '大源', '', NULL, NULL);
INSERT INTO station values (161, 'stationffc5649d98387489ac2c65161', now(), '民乐', '', NULL, NULL);
INSERT INTO station values (162, 'stationffc5649d98387489ac2c65162', now(), '骑龙', '', NULL, NULL);
INSERT INTO station values (163, 'stationffc5649d98387489ac2c65163', now(), '警官学院', '', NULL, NULL);
INSERT INTO station values (164, 'stationffc5649d98387489ac2c65164', now(), '二江寺', '', NULL, NULL);
INSERT INTO station values (165, 'stationffc5649d98387489ac2c65165', now(), '南湖立交', '', NULL, NULL);
INSERT INTO station values (166, 'stationffc5649d98387489ac2c65166', now(), '高峰', '', NULL, NULL);
INSERT INTO station values (167, 'stationffc5649d98387489ac2c65167', now(), '龙马路', '', NULL, NULL);
INSERT INTO station values (168, 'stationffc5649d98387489ac2c65168', now(), '回龙路', '', NULL, NULL);


drop table if exists metro_line_station;
create table metro_line_station (
  id int auto_increment primary key,
  guid varchar(255),
  creation_time datetime,
  metro_line_id int,
  station_id int,
  sort int,
  status varchar(255)
);


INSERT INTO metro_line_station VALUES (1, 'metrolinestationa8cd57a538e75001', now(), 1, 1, 1, 'PLANNING');
INSERT INTO metro_line_station VALUES (2, 'metrolinestationa8cd57a538e75002', now(), 1, 2, 2, 'PLANNING');
INSERT INTO metro_line_station VALUES (3, 'metrolinestationa8cd57a538e75003', now(), 1, 3, 3, 'RUNNING');
INSERT INTO metro_line_station VALUES (4, 'metrolinestationa8cd57a538e75004', now(), 1, 4, 4, 'RUNNING');
INSERT INTO metro_line_station VALUES (5, 'metrolinestationa8cd57a538e75005', now(), 1, 5, 5, 'RUNNING');
INSERT INTO metro_line_station VALUES (6, 'metrolinestationa8cd57a538e75006', now(), 1, 6, 6, 'RUNNING');
INSERT INTO metro_line_station VALUES (7, 'metrolinestationa8cd57a538e75007', now(), 1, 7, 7, 'RUNNING');
INSERT INTO metro_line_station VALUES (8, 'metrolinestationa8cd57a538e75008', now(), 1, 8, 8, 'RUNNING');
INSERT INTO metro_line_station VALUES (9, 'metrolinestationa8cd57a538e75009', now(), 1, 9, 9, 'RUNNING');
INSERT INTO metro_line_station VALUES (10, 'metrolinestationa8cd57a538e75010', now(), 1, 10, 10, 'RUNNING');
INSERT INTO metro_line_station VALUES (11, 'metrolinestationa8cd57a538e75011', now(), 1, 11, 11, 'RUNNING');
INSERT INTO metro_line_station VALUES (12, 'metrolinestationa8cd57a538e75012', now(), 1, 12, 12, 'RUNNING');
INSERT INTO metro_line_station VALUES (13, 'metrolinestationa8cd57a538e75013', now(), 1, 13, 13, 'RUNNING');
INSERT INTO metro_line_station VALUES (14, 'metrolinestationa8cd57a538e75014', now(), 1, 14, 14, 'RUNNING');
INSERT INTO metro_line_station VALUES (15, 'metrolinestationa8cd57a538e75015', now(), 1, 15, 15, 'RUNNING');
INSERT INTO metro_line_station VALUES (16, 'metrolinestationa8cd57a538e75016', now(), 1, 16, 16, 'RUNNING');
INSERT INTO metro_line_station VALUES (17, 'metrolinestationa8cd57a538e75017', now(), 1, 17, 17, 'RUNNING');
INSERT INTO metro_line_station VALUES (18, 'metrolinestationa8cd57a538e75018', now(), 1, 18, 18, 'RUNNING');
INSERT INTO metro_line_station VALUES (19, 'metrolinestationa8cd57a538e75019', now(), 1, 19, 19, 'RUNNING');
INSERT INTO metro_line_station VALUES (20, 'metrolinestationa8cd57a538e75020', now(), 1, 20, 20, 'RUNNING');
INSERT INTO metro_line_station VALUES (21, 'metrolinestationa8cd57a538e75021', now(), 1, 21, 21, 'RUNNING');
INSERT INTO metro_line_station VALUES (22, 'metrolinestationa8cd57a538e75022', now(), 1, 22, 22, 'RUNNING');
INSERT INTO metro_line_station VALUES (23, 'metrolinestationa8cd57a538e75023', now(), 1, 23, 23, 'RUNNING');
INSERT INTO metro_line_station VALUES (24, 'metrolinestationa8cd57a538e75024', now(), 1, 24, 24, 'RUNNING');
INSERT INTO metro_line_station VALUES (25, 'metrolinestationa8cd57a538e75025', now(), 1, 25, 25, 'BUILDING');
INSERT INTO metro_line_station VALUES (26, 'metrolinestationa8cd57a538e75026', now(), 1, 26, 26, 'BUILDING');
INSERT INTO metro_line_station VALUES (27, 'metrolinestationa8cd57a538e75027', now(), 1, 27, 27, 'BUILDING');
INSERT INTO metro_line_station VALUES (28, 'metrolinestationa8cd57a538e75028', now(), 1, 28, 28, 'BUILDING');
INSERT INTO metro_line_station VALUES (29, 'metrolinestationa8cd57a538e75029', now(), 1, 29, 29, 'BUILDING');
INSERT INTO metro_line_station VALUES (30, 'metrolinestationa8cd57a538e75030', now(), 1, 30, 30, 'BUILDING');
INSERT INTO metro_line_station VALUES (31, 'metrolinestationa8cd57a538e75031', now(), 1, 31, 31, 'BUILDING');
INSERT INTO metro_line_station VALUES (32, 'metrolinestationa8cd57a538e75032', now(), 1, 32, 32, 'BUILDING');
INSERT INTO metro_line_station VALUES (33, 'metrolinestationa8cd57a538e75033', now(), 1, 33, 33, 'BUILDING');
INSERT INTO metro_line_station VALUES (34, 'metrolinestationa8cd57a538e75034', now(), 1, 34, 34, 'BUILDING');
INSERT INTO metro_line_station VALUES (35, 'metrolinestationa8cd57a538e75035', now(), 1, 35, 35, 'BUILDING');
INSERT INTO metro_line_station VALUES (36, 'metrolinestationa8cd57a538e75036', now(), 1, 36, 36, 'BUILDING');
INSERT INTO metro_line_station VALUES (37, 'metrolinestationa8cd57a538e75037', now(), 2, 37, 1, 'RUNNING');
INSERT INTO metro_line_station VALUES (38, 'metrolinestationa8cd57a538e75038', now(), 2, 38, 2, 'RUNNING');
INSERT INTO metro_line_station VALUES (39, 'metrolinestationa8cd57a538e75039', now(), 2, 39, 3, 'RUNNING');
INSERT INTO metro_line_station VALUES (40, 'metrolinestationa8cd57a538e75040', now(), 2, 40, 4, 'RUNNING');
INSERT INTO metro_line_station VALUES (41, 'metrolinestationa8cd57a538e75041', now(), 2, 41, 5, 'RUNNING');
INSERT INTO metro_line_station VALUES (42, 'metrolinestationa8cd57a538e75042', now(), 2, 42, 6, 'RUNNING');
INSERT INTO metro_line_station VALUES (43, 'metrolinestationa8cd57a538e75043', now(), 2, 43, 7, 'RUNNING');
INSERT INTO metro_line_station VALUES (44, 'metrolinestationa8cd57a538e75044', now(), 2, 44, 8, 'RUNNING');
INSERT INTO metro_line_station VALUES (45, 'metrolinestationa8cd57a538e75045', now(), 2, 45, 9, 'RUNNING');
INSERT INTO metro_line_station VALUES (46, 'metrolinestationa8cd57a538e75046', now(), 2, 46, 10, 'RUNNING');
INSERT INTO metro_line_station VALUES (47, 'metrolinestationa8cd57a538e75047', now(), 2, 47, 11, 'RUNNING');
INSERT INTO metro_line_station VALUES (48, 'metrolinestationa8cd57a538e75048', now(), 2, 48, 12, 'RUNNING');
INSERT INTO metro_line_station VALUES (49, 'metrolinestationa8cd57a538e75049', now(), 2, 49, 13, 'RUNNING');
INSERT INTO metro_line_station VALUES (50, 'metrolinestationa8cd57a538e75050', now(), 2, 50, 14, 'RUNNING');
INSERT INTO metro_line_station VALUES (51, 'metrolinestationa8cd57a538e75051', now(), 2, 51, 15, 'RUNNING');
INSERT INTO metro_line_station VALUES (52, 'metrolinestationa8cd57a538e75052', now(), 2, 52, 16, 'RUNNING');
INSERT INTO metro_line_station VALUES (53, 'metrolinestationa8cd57a538e75053', now(), 2, 53, 17, 'RUNNING');
INSERT INTO metro_line_station VALUES (54, 'metrolinestationa8cd57a538e75054', now(), 2, 54, 18, 'RUNNING');
INSERT INTO metro_line_station VALUES (55, 'metrolinestationa8cd57a538e75055', now(), 2, 8, 19, 'RUNNING');
INSERT INTO metro_line_station VALUES (56, 'metrolinestationa8cd57a538e75056', now(), 2, 55, 20, 'RUNNING');
INSERT INTO metro_line_station VALUES (57, 'metrolinestationa8cd57a538e75057', now(), 2, 56, 21, 'RUNNING');
INSERT INTO metro_line_station VALUES (58, 'metrolinestationa8cd57a538e75058', now(), 2, 57, 22, 'RUNNING');
INSERT INTO metro_line_station VALUES (59, 'metrolinestationa8cd57a538e75059', now(), 2, 58, 23, 'RUNNING');
INSERT INTO metro_line_station VALUES (60, 'metrolinestationa8cd57a538e75060', now(), 2, 59, 24, 'RUNNING');
INSERT INTO metro_line_station VALUES (61, 'metrolinestationa8cd57a538e75061', now(), 2, 60, 25, 'RUNNING');
INSERT INTO metro_line_station VALUES (62, 'metrolinestationa8cd57a538e75062', now(), 2, 61, 26, 'RUNNING');
INSERT INTO metro_line_station VALUES (63, 'metrolinestationa8cd57a538e75063', now(), 2, 62, 27, 'RUNNING');
INSERT INTO metro_line_station VALUES (64, 'metrolinestationa8cd57a538e75064', now(), 2, 63, 28, 'RUNNING');
INSERT INTO metro_line_station VALUES (65, 'metrolinestationa8cd57a538e75065', now(), 2, 64, 29, 'RUNNING');
INSERT INTO metro_line_station VALUES (66, 'metrolinestationa8cd57a538e75066', now(), 2, 65, 30, 'RUNNING');
INSERT INTO metro_line_station VALUES (67, 'metrolinestationa8cd57a538e75067', now(), 2, 66, 31, 'RUNNING');
INSERT INTO metro_line_station VALUES (68, 'metrolinestationa8cd57a538e75068', now(), 2, 67, 32, 'RUNNING');
INSERT INTO metro_line_station VALUES (69, 'metrolinestationa8cd57a538e75069', now(), 2, 68, 33, 'RUNNING');
INSERT INTO metro_line_station VALUES (70, 'metrolinestationa8cd57a538e75070', now(), 3, 69, 1, 'BUILDING');
INSERT INTO metro_line_station VALUES (71, 'metrolinestationa8cd57a538e75071', now(), 3, 70, 2, 'BUILDING');
INSERT INTO metro_line_station VALUES (72, 'metrolinestationa8cd57a538e75072', now(), 3, 71, 3, 'BUILDING');
INSERT INTO metro_line_station VALUES (73, 'metrolinestationa8cd57a538e75073', now(), 3, 72, 4, 'BUILDING');
INSERT INTO metro_line_station VALUES (74, 'metrolinestationa8cd57a538e75074', now(), 3, 73, 5, 'BUILDING');
INSERT INTO metro_line_station VALUES (75, 'metrolinestationa8cd57a538e75075', now(), 3, 74, 6, 'BUILDING');
INSERT INTO metro_line_station VALUES (76, 'metrolinestationa8cd57a538e75076', now(), 3, 75, 7, 'BUILDING');
INSERT INTO metro_line_station VALUES (77, 'metrolinestationa8cd57a538e75077', now(), 3, 76, 8, 'BUILDING');
INSERT INTO metro_line_station VALUES (78, 'metrolinestationa8cd57a538e75078', now(), 3, 77, 9, 'BUILDING');
INSERT INTO metro_line_station VALUES (79, 'metrolinestationa8cd57a538e75079', now(), 3, 78, 10, 'BUILDING');
INSERT INTO metro_line_station VALUES (80, 'metrolinestationa8cd57a538e75080', now(), 3, 79, 11, 'BUILDING');
INSERT INTO metro_line_station VALUES (81, 'metrolinestationa8cd57a538e75081', now(), 3, 80, 12, 'BUILDING');
INSERT INTO metro_line_station VALUES (82, 'metrolinestationa8cd57a538e75082', now(), 3, 81, 13, 'BUILDING');
INSERT INTO metro_line_station VALUES (83, 'metrolinestationa8cd57a538e75083', now(), 3, 82, 14, 'BUILDING');
INSERT INTO metro_line_station VALUES (84, 'metrolinestationa8cd57a538e75084', now(), 3, 83, 15, 'BUILDING');
INSERT INTO metro_line_station VALUES (86, 'metrolinestationa8cd57a538e75086', now(), 3, 11, 16, 'BUILDING');
INSERT INTO metro_line_station VALUES (87, 'metrolinestationa8cd57a538e75087', now(), 3, 84, 17, 'BUILDING');
INSERT INTO metro_line_station VALUES (88, 'metrolinestationa8cd57a538e75088', now(), 3, 85, 18, 'BUILDING');
INSERT INTO metro_line_station VALUES (90, 'metrolinestationa8cd57a538e75090', now(), 3, 54, 19, 'BUILDING');
INSERT INTO metro_line_station VALUES (91, 'metrolinestationa8cd57a538e75091', now(), 3, 86, 20, 'BUILDING');
INSERT INTO metro_line_station VALUES (92, 'metrolinestationa8cd57a538e75092', now(), 3, 87, 21, 'BUILDING');
INSERT INTO metro_line_station VALUES (93, 'metrolinestationa8cd57a538e75093', now(), 3, 88, 22, 'BUILDING');
INSERT INTO metro_line_station VALUES (94, 'metrolinestationa8cd57a538e75094', now(), 3, 89, 23, 'BUILDING');
INSERT INTO metro_line_station VALUES (95, 'metrolinestationa8cd57a538e75095', now(), 3, 90, 24, 'BUILDING');
INSERT INTO metro_line_station VALUES (96, 'metrolinestationa8cd57a538e75096', now(), 3, 91, 25, 'BUILDING');
INSERT INTO metro_line_station VALUES (97, 'metrolinestationa8cd57a538e75097', now(), 3, 92, 26, 'BUILDING');
INSERT INTO metro_line_station VALUES (98, 'metrolinestationa8cd57a538e75098', now(), 3, 93, 27, 'BUILDING');
INSERT INTO metro_line_station VALUES (99, 'metrolinestationa8cd57a538e75099', now(), 3, 94, 28, 'BUILDING');
INSERT INTO metro_line_station VALUES (100, 'metrolinestationa8cd57a538e75100', now(), 3, 95, 29, 'BUILDING');
INSERT INTO metro_line_station VALUES (101, 'metrolinestationa8cd57a538e75101', now(), 3, 96, 30, 'BUILDING');
INSERT INTO metro_line_station VALUES (102, 'metrolinestationa8cd57a538e75102', now(), 3, 97, 31, 'BUILDING');
INSERT INTO metro_line_station VALUES (103, 'metrolinestationa8cd57a538e75103', now(), 3, 98, 32, 'BUILDING');
INSERT INTO metro_line_station VALUES (104, 'metrolinestationa8cd57a538e75104', now(), 3, 99, 33, 'BUILDING');
INSERT INTO metro_line_station VALUES (105, 'metrolinestationa8cd57a538e75105', now(), 3, 100, 34, 'BUILDING');
INSERT INTO metro_line_station VALUES (106, 'metrolinestationa8cd57a538e75106', now(), 3, 101, 35, 'BUILDING');
INSERT INTO metro_line_station VALUES (107, 'metrolinestationa8cd57a538e75107', now(), 3, 102, 36, 'BUILDING');
INSERT INTO metro_line_station VALUES (108, 'metrolinestationa8cd57a538e75108', now(), 3, 103, 37, 'BUILDING');
INSERT INTO metro_line_station VALUES (122, 'metrolinestationa8cd57a538e75122', now(), 4, 104, 1, 'BUILDING');
INSERT INTO metro_line_station VALUES (123, 'metrolinestationa8cd57a538e75123', now(), 4, 105, 2, 'BUILDING');
INSERT INTO metro_line_station VALUES (124, 'metrolinestationa8cd57a538e75124', now(), 4, 106, 3, 'BUILDING');
INSERT INTO metro_line_station VALUES (125, 'metrolinestationa8cd57a538e75125', now(), 4, 107, 4, 'BUILDING');
INSERT INTO metro_line_station VALUES (126, 'metrolinestationa8cd57a538e75126', now(), 4, 108, 5, 'BUILDING');
INSERT INTO metro_line_station VALUES (127, 'metrolinestationa8cd57a538e75127', now(), 4, 109, 6, 'BUILDING');
INSERT INTO metro_line_station VALUES (128, 'metrolinestationa8cd57a538e75128', now(), 4, 110, 7, 'BUILDING');
INSERT INTO metro_line_station VALUES (129, 'metrolinestationa8cd57a538e75129', now(), 4, 111, 8, 'BUILDING');
INSERT INTO metro_line_station VALUES (137, 'metrolinestationa8cd57a538e75137', now(), 4, 112, 9, 'RUNNING');
INSERT INTO metro_line_station VALUES (138, 'metrolinestationa8cd57a538e75138', now(), 4, 113, 10, 'RUNNING');
INSERT INTO metro_line_station VALUES (139, 'metrolinestationa8cd57a538e75139', now(), 4, 114, 11, 'RUNNING');
INSERT INTO metro_line_station VALUES (140, 'metrolinestationa8cd57a538e75140', now(), 4, 115, 12, 'RUNNING');
INSERT INTO metro_line_station VALUES (141, 'metrolinestationa8cd57a538e75141', now(), 4, 116, 13, 'RUNNING');
INSERT INTO metro_line_station VALUES (142, 'metrolinestationa8cd57a538e75142', now(), 4, 117, 14, 'RUNNING');
INSERT INTO metro_line_station VALUES (143, 'metrolinestationa8cd57a538e75143', now(), 4, 118, 15, 'RUNNING');
INSERT INTO metro_line_station VALUES (144, 'metrolinestationa8cd57a538e75144', now(), 4, 119, 16, 'RUNNING');
INSERT INTO metro_line_station VALUES (152, 'metrolinestationa8cd57a538e75152', now(), 4, 57, 17, 'RUNNING');
INSERT INTO metro_line_station VALUES (153, 'metrolinestationa8cd57a538e75153', now(), 4, 120, 18, 'RUNNING');
INSERT INTO metro_line_station VALUES (154, 'metrolinestationa8cd57a538e75154', now(), 4, 7, 19, 'RUNNING');
INSERT INTO metro_line_station VALUES (155, 'metrolinestationa8cd57a538e75155', now(), 4, 121, 20, 'RUNNING');
INSERT INTO metro_line_station VALUES (156, 'metrolinestationa8cd57a538e75156', now(), 4, 122, 21, 'RUNNING');
INSERT INTO metro_line_station VALUES (157, 'metrolinestationa8cd57a538e75157', now(), 4, 123, 22, 'RUNNING');
INSERT INTO metro_line_station VALUES (158, 'metrolinestationa8cd57a538e75158', now(), 4, 124, 23, 'RUNNING');
INSERT INTO metro_line_station VALUES (159, 'metrolinestationa8cd57a538e75159', now(), 4, 125, 24, 'RUNNING');
INSERT INTO metro_line_station VALUES (162, 'metrolinestationa8cd57a538e75162', now(), 4, 126, 25, 'BUILDING');
INSERT INTO metro_line_station VALUES (163, 'metrolinestationa8cd57a538e75163', now(), 4, 127, 26, 'BUILDING');
INSERT INTO metro_line_station VALUES (164, 'metrolinestationa8cd57a538e75164', now(), 4, 128, 27, 'BUILDING');
INSERT INTO metro_line_station VALUES (165, 'metrolinestationa8cd57a538e75165', now(), 4, 129, 28, 'BUILDING');
INSERT INTO metro_line_station VALUES (166, 'metrolinestationa8cd57a538e75166', now(), 4, 130, 29, 'BUILDING');
INSERT INTO metro_line_station VALUES (167, 'metrolinestationa8cd57a538e75167', now(), 4, 131, 30, 'BUILDING');
INSERT INTO metro_line_station VALUES (169, 'metrolinestationa8cd57a538e75169', now(), 5, 132, 1, 'BUILDING');
INSERT INTO metro_line_station VALUES (170, 'metrolinestationa8cd57a538e75170', now(), 5, 133, 2, 'BUILDING');
INSERT INTO metro_line_station VALUES (171, 'metrolinestationa8cd57a538e75171', now(), 5, 134, 3, 'BUILDING');
INSERT INTO metro_line_station VALUES (172, 'metrolinestationa8cd57a538e75172', now(), 5, 135, 4, 'BUILDING');
INSERT INTO metro_line_station VALUES (173, 'metrolinestationa8cd57a538e75173', now(), 5, 136, 5, 'BUILDING');
INSERT INTO metro_line_station VALUES (174, 'metrolinestationa8cd57a538e75174', now(), 5, 137, 6, 'BUILDING');
INSERT INTO metro_line_station VALUES (175, 'metrolinestationa8cd57a538e75175', now(), 5, 138, 7, 'BUILDING');
INSERT INTO metro_line_station VALUES (176, 'metrolinestationa8cd57a538e75176', now(), 5, 139, 8, 'BUILDING');
INSERT INTO metro_line_station VALUES (177, 'metrolinestationa8cd57a538e75177', now(), 5, 140, 9, 'BUILDING');
INSERT INTO metro_line_station VALUES (178, 'metrolinestationa8cd57a538e75178', now(), 5, 141, 10, 'BUILDING');
INSERT INTO metro_line_station VALUES (179, 'metrolinestationa8cd57a538e75179', now(), 5, 142, 11, 'BUILDING');
INSERT INTO metro_line_station VALUES (180, 'metrolinestationa8cd57a538e75180', now(), 5, 143, 12, 'BUILDING');
INSERT INTO metro_line_station VALUES (181, 'metrolinestationa8cd57a538e75181', now(), 5, 144, 13, 'BUILDING');
INSERT INTO metro_line_station VALUES (182, 'metrolinestationa8cd57a538e75182', now(), 5, 145, 14, 'BUILDING');
INSERT INTO metro_line_station VALUES (183, 'metrolinestationa8cd57a538e75183', now(), 5, 146, 15, 'BUILDING');
INSERT INTO metro_line_station VALUES (184, 'metrolinestationa8cd57a538e75184', now(), 5, 147, 16, 'BUILDING');
INSERT INTO metro_line_station VALUES (185, 'metrolinestationa8cd57a538e75185', now(), 5, 148, 17, 'BUILDING');
INSERT INTO metro_line_station VALUES (186, 'metrolinestationa8cd57a538e75186', now(), 5, 149, 18, 'BUILDING');
INSERT INTO metro_line_station VALUES (187, 'metrolinestationa8cd57a538e75187', now(), 5, 150, 19, 'BUILDING');
INSERT INTO metro_line_station VALUES (200, 'metrolinestationa8cd57a538e75200', now(), 5, 57, 20, 'BUILDING');
INSERT INTO metro_line_station VALUES (201, 'metrolinestationa8cd57a538e75201', now(), 5, 151, 21, 'BUILDING');
INSERT INTO metro_line_station VALUES (202, 'metrolinestationa8cd57a538e75202', now(), 5, 152, 22, 'BUILDING');
INSERT INTO metro_line_station VALUES (204, 'metrolinestationa8cd57a538e75204', now(), 5, 82, 23, 'BUILDING');
INSERT INTO metro_line_station VALUES (205, 'metrolinestationa8cd57a538e75205', now(), 5, 153, 24, 'BUILDING');
INSERT INTO metro_line_station VALUES (206, 'metrolinestationa8cd57a538e75206', now(), 5, 154, 25, 'BUILDING');
INSERT INTO metro_line_station VALUES (207, 'metrolinestationa8cd57a538e75207', now(), 5, 155, 26, 'BUILDING');
INSERT INTO metro_line_station VALUES (208, 'metrolinestationa8cd57a538e75208', now(), 5, 156, 27, 'BUILDING');
INSERT INTO metro_line_station VALUES (209, 'metrolinestationa8cd57a538e75209', now(), 5, 157, 28, 'BUILDING');
INSERT INTO metro_line_station VALUES (210, 'metrolinestationa8cd57a538e75210', now(), 5, 158, 29, 'BUILDING');
INSERT INTO metro_line_station VALUES (211, 'metrolinestationa8cd57a538e75211', now(), 5, 159, 30, 'BUILDING');
INSERT INTO metro_line_station VALUES (212, 'metrolinestationa8cd57a538e75212', now(), 5, 160, 31, 'BUILDING');
INSERT INTO metro_line_station VALUES (213, 'metrolinestationa8cd57a538e75213', now(), 5, 161, 32, 'BUILDING');
INSERT INTO metro_line_station VALUES (214, 'metrolinestationa8cd57a538e75214', now(), 5, 162, 33, 'BUILDING');
INSERT INTO metro_line_station VALUES (215, 'metrolinestationa8cd57a538e75215', now(), 5, 163, 34, 'BUILDING');
INSERT INTO metro_line_station VALUES (216, 'metrolinestationa8cd57a538e75216', now(), 5, 164, 35, 'BUILDING');
INSERT INTO metro_line_station VALUES (217, 'metrolinestationa8cd57a538e75217', now(), 5, 165, 36, 'BUILDING');
INSERT INTO metro_line_station VALUES (218, 'metrolinestationa8cd57a538e75218', now(), 5, 166, 37, 'BUILDING');
INSERT INTO metro_line_station VALUES (219, 'metrolinestationa8cd57a538e75219', now(), 5, 167, 38, 'BUILDING');
INSERT INTO metro_line_station VALUES (220, 'metrolinestationa8cd57a538e75220', now(), 5, 168, 39, 'BUILDING');